{
  "name": "Alpaka Pub Quiz",
  "slug": "1-alpaka-pub-quiz",
  "location": null,
  "language": "de",
  "abstract": "Nerd & Technologie Trivia Quiz",
  "description": {
    "de": null,
    "en": "Nach dem vollen Erfolg des Alpaka Pub Quizzes w\u00e4hrend Jugend hackt Berlin, wollen wir jeden Abend einen Quiz mit 25 Trivia Fragen zu Pop-Kultur, Fandom und Technologie machen. Wie bei jedem guten Pub Quiz tretet ihr als Team (2-5 Personen) gegeneinander an.\r\nGoogle und Chat-GPT sind nicht erlaubt - all devices off."
  },
  "schedule_start": {
    "conference_day": 1,
    "time": "20:00"
  },
  "schedule_duration": 90,
  "tags": [],
  "banner_image": null,
  "relations": {
    "assembly_slug": "yoc",
    "room_slug": "youth-operation-centre-forum-gf-1"
  }
}