{
  "name": "Rockets l\u00f6ten",
  "slug": "23-rockets-lten",
  "location": null,
  "language": "de",
  "abstract": "Wir l\u00f6ten mit Dir die Rocket - die Rakete des CCC zum Programmieren!",
  "description": {
    "de": null,
    "en": "Die Rakete des Chaos Computer Clubs gibt es als L\u00f6tset - die Rocket! Sie verf\u00fcgt \u00fcber ein Display und ist programmierbar."
  },
  "schedule_start": {
    "conference_day": 4,
    "time": "11:00"
  },
  "schedule_duration": 60,
  "tags": [],
  "banner_image": null,
  "relations": {
    "assembly_slug": "yoc",
    "room_slug": null
  }
}