{
  "name": "CTF - was 'n das?",
  "slug": "ctf-was-n-das",
  "location": null,
  "language": "de",
  "abstract": "CTF (CaptureTheFlag) is ein wunderbares Konzept um in die Welt der IT-Security einzusteigen. Hier gibt's eine schnelle Einf\u00fchrung und dann Hand's on \"Betreutes hacken\".",
  "description": {
    "de": "",
    "en": "Tats\u00e4chlich mal legal intensiv dinge\u2122 kaputt machen und dabei auch noch komisches zeug lernen? Das geht mit diesen CTFs recht gut. Da es viele sehr schwere CTFs gibt, gibt's hier eine Einf\u00fchrung damit ihr eine chance habt \u00fcber die ersten 5 min. zu kommen ohne das Interesse zu verlieren, im Gegenteil: es kann s\u00fcchtig machen!\r\n\r\nBringt einen Laptop mit und schaut, dass ihr entweder WLAN eingerichtet habt oder ein ausreichend langes LAN-Kabel mitbringt.\r\n\r\nDer Workshop kann nur mit einem Ticket besucht werden, welches hier geklickt werden kann: https://pretix.eu/junghackerinnentag/tickets/\r\nDie Tickets werden nicht vor der Er\u00f6ffnungsveranstaltung am Junghackerinnentag um 10 Uhr verf\u00fcgbar sein."
  },
  "schedule_start": {
    "conference_day": 2,
    "time": "15:00"
  },
  "schedule_duration": 60,
  "tags": [
    "junghackerinnentag"
  ],
  "banner_image": null,
  "relations": {
    "assembly_slug": "yoc",
    "room_slug": "saal-5"
  }
}