{
  "name": "Musik programmieren mit Sonic Pi (ohne Vorkenntnisse)",
  "slug": "musik-programmieren-mit-sonic-pi-ohne-vorkenntnisse",
  "location": null,
  "language": "de",
  "abstract": "Mache Musik und lerne dabei die Grundlagen des Programmierens. Keine Vorkenntnisse n\u00f6tig.",
  "description": {
    "de": "",
    "en": "Sonic Pi ist eine Programmierumgebung in der man mit Hilfe einer Programmiersprache Musik machen kann.\r\n\r\nWir bauen zusammen einen Sampler, der sich super f\u00fcr rythmische Begleitung eignet und lernen dabei die Grundlagen des Programmierens.\r\n\r\nSonic Pi ist explizit f\u00fcr Einsteiger\\*innen konzipiert und leicht zug\u00e4nglich, eignet sich jedoch auch f\u00fcr Fortgeschrittene und wird sogar von professionellen K\u00fcnstler*innen f\u00fcr Liveauftritte eingesetzt.\r\n\r\nDer Workshop kann nur mit einem Ticket besucht werden, welches hier geklickt werden kann: https://pretix.eu/junghackerinnentag/tickets/\r\nDie Tickets werden nicht vor der Er\u00f6ffnungsveranstaltung am Junghackerinnentag um 10 Uhr verf\u00fcgbar sein."
  },
  "schedule_start": {
    "conference_day": 2,
    "time": "12:45"
  },
  "schedule_duration": 120,
  "tags": [
    "junghackerinnentag"
  ],
  "banner_image": null,
  "relations": {
    "assembly_slug": "yoc",
    "room_slug": "saal-a-programmierplatze"
  }
}