{
  "name": "Pentagame",
  "slug": "pentagame",
  "location": null,
  "language": "de",
  "abstract": "Wir spielen Pentagame!",
  "description": {
    "de": "",
    "en": "Lerne das ultimative Nerdspiel Pentagame kennen und steige nach einer Einweisung gleich in ein Turnier ein! Es handelt sich um ein w\u00fcrfelfreies Brettspiel auf einem Pentagram. Die Spielbretter stehen f\u00fcr Dich bereit - komm einfach vorbei!\r\n\r\nDer Workshop kann nur mit einem Ticket besucht werden, welches hier geklickt werden kann: https://pretix.eu/junghackerinnentag/tickets/\r\nDie Tickets werden nicht vor der Er\u00f6ffnungsveranstaltung am Junghackerinnentag um 10 Uhr verf\u00fcgbar sein."
  },
  "schedule_start": {
    "conference_day": 2,
    "time": "17:00"
  },
  "schedule_duration": 120,
  "tags": [
    "junghackerinnentag"
  ],
  "banner_image": "media/event/pentagame.banner.png",
  "relations": {
    "assembly_slug": "yoc",
    "room_slug": "saal-5"
  }
}